,Unnamed: 0,value,iteration,algorithm,replicate
0,0.0,-22.759753717703862,0,GA,0
1,1.0,-22.759753717703862,1,GA,0
2,2.0,-22.759753717703862,2,GA,0
3,3.0,-22.759753717703862,3,GA,0
4,4.0,-22.759753717703862,4,GA,0
5,5.0,-22.759753717703862,5,GA,0
6,6.0,-22.759753717703862,6,GA,0
7,7.0,-22.759753717703862,7,GA,0
8,8.0,-22.759753717703862,8,GA,0
9,9.0,-22.759753717703862,9,GA,0
10,10.0,-22.759753717703862,10,GA,0
11,11.0,-48.428139073054936,0,GA,1
12,12.0,-48.428139073054936,1,GA,1
13,13.0,-48.428139073054936,2,GA,1
14,14.0,-48.428139073054936,3,GA,1
15,15.0,-48.428139073054936,4,GA,1
16,16.0,-48.428139073054936,5,GA,1
17,17.0,-48.428139073054936,6,GA,1
18,18.0,-48.428139073054936,7,GA,1
19,19.0,-48.428139073054936,8,GA,1
20,20.0,-48.428139073054936,9,GA,1
21,21.0,-48.428139073054936,10,GA,1
22,22.0,-53.0240570066873,0,GA,2
23,23.0,-53.0240570066873,1,GA,2
24,24.0,-53.0240570066873,2,GA,2
25,25.0,-53.0240570066873,3,GA,2
26,26.0,-53.0240570066873,4,GA,2
27,27.0,-53.0240570066873,5,GA,2
28,28.0,-53.0240570066873,6,GA,2
29,29.0,-53.0240570066873,7,GA,2
30,30.0,-53.0240570066873,8,GA,2
31,31.0,-53.0240570066873,9,GA,2
32,32.0,-53.0240570066873,10,GA,2
33,33.0,-64.18593981151497,0,GA,3
34,34.0,-64.18593981151497,1,GA,3
35,35.0,-64.18593981151497,2,GA,3
36,36.0,-64.18593981151497,3,GA,3
37,37.0,-64.18593981151497,4,GA,3
38,38.0,-64.18593981151497,5,GA,3
39,39.0,-64.18593981151497,6,GA,3
40,40.0,-64.18593981151497,7,GA,3
41,41.0,-64.18593981151497,8,GA,3
42,42.0,-64.18593981151497,9,GA,3
43,43.0,-64.18593981151497,10,GA,3
44,44.0,-34.27148063121763,0,GA,4
45,45.0,-34.27148063121763,1,GA,4
46,46.0,-34.27148063121763,2,GA,4
47,47.0,-34.27148063121763,3,GA,4
48,48.0,-34.27148063121763,4,GA,4
49,49.0,-34.27148063121763,5,GA,4
50,50.0,-34.27148063121763,6,GA,4
51,51.0,-34.27148063121763,7,GA,4
52,52.0,-34.27148063121763,8,GA,4
53,53.0,-34.27148063121763,9,GA,4
54,54.0,-34.27148063121763,10,GA,4
55,55.0,-38.15262087155331,0,GA,5
56,56.0,-38.15262087155331,1,GA,5
57,57.0,-38.15262087155331,2,GA,5
58,58.0,-38.15262087155331,3,GA,5
59,59.0,-38.15262087155331,4,GA,5
60,60.0,-38.15262087155331,5,GA,5
61,61.0,-38.15262087155331,6,GA,5
62,62.0,-38.15262087155331,7,GA,5
63,63.0,-38.15262087155331,8,GA,5
64,64.0,-38.15262087155331,9,GA,5
65,65.0,-38.15262087155331,10,GA,5
66,66.0,-59.75045812600207,0,GA,6
67,67.0,-59.75045812600207,1,GA,6
68,68.0,-59.75045812600207,2,GA,6
69,69.0,-59.75045812600207,3,GA,6
70,70.0,-59.75045812600207,4,GA,6
71,71.0,-59.75045812600207,5,GA,6
72,72.0,-59.75045812600207,6,GA,6
73,73.0,-59.75045812600207,7,GA,6
74,74.0,-59.75045812600207,8,GA,6
75,75.0,-59.75045812600207,9,GA,6
76,76.0,-59.75045812600207,10,GA,6
77,77.0,-55.79026134562984,0,GA,7
78,78.0,-55.79026134562984,1,GA,7
79,79.0,-55.79026134562984,2,GA,7
80,80.0,-55.79026134562984,3,GA,7
81,81.0,-55.79026134562984,4,GA,7
82,82.0,-55.79026134562984,5,GA,7
83,83.0,-55.79026134562984,6,GA,7
84,84.0,-55.79026134562984,7,GA,7
85,85.0,-55.79026134562984,8,GA,7
86,86.0,-55.79026134562984,9,GA,7
87,87.0,-55.79026134562984,10,GA,7
88,88.0,-21.87503121600363,0,GA,8
89,89.0,-21.87503121600363,1,GA,8
90,90.0,-21.87503121600363,2,GA,8
91,91.0,-21.87503121600363,3,GA,8
92,92.0,-21.87503121600363,4,GA,8
93,93.0,-21.87503121600363,5,GA,8
94,94.0,-21.87503121600363,6,GA,8
95,95.0,-21.87503121600363,7,GA,8
96,96.0,-21.87503121600363,8,GA,8
97,97.0,-21.87503121600363,9,GA,8
98,98.0,-21.87503121600363,10,GA,8
99,99.0,-40.9539533185668,0,GA,9
100,100.0,-40.9539533185668,1,GA,9
101,101.0,-40.9539533185668,2,GA,9
102,102.0,-40.9539533185668,3,GA,9
103,103.0,-40.9539533185668,4,GA,9
104,104.0,-40.9539533185668,5,GA,9
105,105.0,-40.9539533185668,6,GA,9
106,106.0,-40.9539533185668,7,GA,9
107,107.0,-40.9539533185668,8,GA,9
108,108.0,-40.9539533185668,9,GA,9
109,109.0,-40.9539533185668,10,GA,9
110,110.0,-22.759753717703862,0,DE best1bin,0
111,111.0,-22.759753717703862,1,DE best1bin,0
112,112.0,-22.759753717703862,2,DE best1bin,0
113,113.0,-22.759753717703862,3,DE best1bin,0
114,114.0,-22.759753717703862,4,DE best1bin,0
115,115.0,-22.759753717703862,5,DE best1bin,0
116,116.0,-22.759753717703862,6,DE best1bin,0
117,117.0,-22.759753717703862,7,DE best1bin,0
118,118.0,-22.759753717703862,8,DE best1bin,0
119,119.0,-22.759753717703862,9,DE best1bin,0
120,120.0,-22.759753717703862,10,DE best1bin,0
121,121.0,-48.428139073054936,0,DE best1bin,1
122,122.0,-48.428139073054936,1,DE best1bin,1
123,123.0,-48.428139073054936,2,DE best1bin,1
124,124.0,-48.428139073054936,3,DE best1bin,1
125,125.0,-48.428139073054936,4,DE best1bin,1
126,126.0,-48.428139073054936,5,DE best1bin,1
127,127.0,-48.428139073054936,6,DE best1bin,1
128,128.0,-48.428139073054936,7,DE best1bin,1
129,129.0,-48.428139073054936,8,DE best1bin,1
130,130.0,-48.428139073054936,9,DE best1bin,1
131,131.0,-48.428139073054936,10,DE best1bin,1
132,132.0,-53.0240570066873,0,DE best1bin,2
133,133.0,-53.0240570066873,1,DE best1bin,2
134,134.0,-53.0240570066873,2,DE best1bin,2
135,135.0,-53.0240570066873,3,DE best1bin,2
136,136.0,-53.0240570066873,4,DE best1bin,2
137,137.0,-53.0240570066873,5,DE best1bin,2
138,138.0,-53.0240570066873,6,DE best1bin,2
139,139.0,-53.0240570066873,7,DE best1bin,2
140,140.0,-53.0240570066873,8,DE best1bin,2
141,141.0,-53.0240570066873,9,DE best1bin,2
142,142.0,-53.0240570066873,10,DE best1bin,2
143,143.0,-64.18593981151497,0,DE best1bin,3
144,144.0,-64.18593981151497,1,DE best1bin,3
145,145.0,-64.18593981151497,2,DE best1bin,3
146,146.0,-64.18593981151497,3,DE best1bin,3
147,147.0,-64.18593981151497,4,DE best1bin,3
148,148.0,-64.18593981151497,5,DE best1bin,3
149,149.0,-64.18593981151497,6,DE best1bin,3
150,150.0,-64.18593981151497,7,DE best1bin,3
151,151.0,-64.18593981151497,8,DE best1bin,3
152,152.0,-64.18593981151497,9,DE best1bin,3
153,153.0,-64.18593981151497,10,DE best1bin,3
154,154.0,-34.27148063121763,0,DE best1bin,4
155,155.0,-34.27148063121763,1,DE best1bin,4
156,156.0,-34.27148063121763,2,DE best1bin,4
157,157.0,-34.27148063121763,3,DE best1bin,4
158,158.0,-34.27148063121763,4,DE best1bin,4
159,159.0,-34.27148063121763,5,DE best1bin,4
160,160.0,-34.27148063121763,6,DE best1bin,4
161,161.0,-34.27148063121763,7,DE best1bin,4
162,162.0,-34.27148063121763,8,DE best1bin,4
163,163.0,-34.27148063121763,9,DE best1bin,4
164,164.0,-34.27148063121763,10,DE best1bin,4
165,165.0,-38.15262087155331,0,DE best1bin,5
166,166.0,-38.15262087155331,1,DE best1bin,5
167,167.0,-38.15262087155331,2,DE best1bin,5
168,168.0,-38.15262087155331,3,DE best1bin,5
169,169.0,-38.15262087155331,4,DE best1bin,5
170,170.0,-38.15262087155331,5,DE best1bin,5
171,171.0,-38.15262087155331,6,DE best1bin,5
172,172.0,-38.15262087155331,7,DE best1bin,5
173,173.0,-38.15262087155331,8,DE best1bin,5
174,174.0,-38.15262087155331,9,DE best1bin,5
175,175.0,-38.15262087155331,10,DE best1bin,5
176,176.0,-59.75045812600207,0,DE best1bin,6
177,177.0,-59.75045812600207,1,DE best1bin,6
178,178.0,-59.75045812600207,2,DE best1bin,6
179,179.0,-59.75045812600207,3,DE best1bin,6
180,180.0,-59.75045812600207,4,DE best1bin,6
181,181.0,-59.75045812600207,5,DE best1bin,6
182,182.0,-59.75045812600207,6,DE best1bin,6
183,183.0,-59.75045812600207,7,DE best1bin,6
184,184.0,-59.75045812600207,8,DE best1bin,6
185,185.0,-59.75045812600207,9,DE best1bin,6
186,186.0,-59.75045812600207,10,DE best1bin,6
187,187.0,-55.79026134562984,0,DE best1bin,7
188,188.0,-55.79026134562984,1,DE best1bin,7
189,189.0,-55.79026134562984,2,DE best1bin,7
190,190.0,-55.79026134562984,3,DE best1bin,7
191,191.0,-55.79026134562984,4,DE best1bin,7
192,192.0,-55.79026134562984,5,DE best1bin,7
193,193.0,-55.79026134562984,6,DE best1bin,7
194,194.0,-55.79026134562984,7,DE best1bin,7
195,195.0,-55.79026134562984,8,DE best1bin,7
196,196.0,-55.79026134562984,9,DE best1bin,7
197,197.0,-55.79026134562984,10,DE best1bin,7
198,198.0,-21.87503121600363,0,DE best1bin,8
199,199.0,-21.87503121600363,1,DE best1bin,8
200,200.0,-21.87503121600363,2,DE best1bin,8
201,201.0,-21.87503121600363,3,DE best1bin,8
202,202.0,-21.87503121600363,4,DE best1bin,8
203,203.0,-21.87503121600363,5,DE best1bin,8
204,204.0,-21.87503121600363,6,DE best1bin,8
205,205.0,-21.87503121600363,7,DE best1bin,8
206,206.0,-21.87503121600363,8,DE best1bin,8
207,207.0,-21.87503121600363,9,DE best1bin,8
208,208.0,-21.87503121600363,10,DE best1bin,8
209,209.0,-40.9539533185668,0,DE best1bin,9
210,210.0,-40.9539533185668,1,DE best1bin,9
211,211.0,-40.9539533185668,2,DE best1bin,9
212,212.0,-40.9539533185668,3,DE best1bin,9
213,213.0,-40.9539533185668,4,DE best1bin,9
214,214.0,-40.9539533185668,5,DE best1bin,9
215,215.0,-40.9539533185668,6,DE best1bin,9
216,216.0,-40.9539533185668,7,DE best1bin,9
217,217.0,-40.9539533185668,8,DE best1bin,9
218,218.0,-40.9539533185668,9,DE best1bin,9
219,219.0,-40.9539533185668,10,DE best1bin,9
220,220.0,-22.759753717703862,0,PSO,0
221,221.0,-22.759753717703862,1,PSO,0
222,222.0,-22.759753717703862,2,PSO,0
223,223.0,-22.759753717703862,3,PSO,0
224,224.0,-22.759753717703862,4,PSO,0
225,225.0,-22.759753717703862,5,PSO,0
226,226.0,-22.759753717703862,6,PSO,0
227,227.0,-22.759753717703862,7,PSO,0
228,228.0,-22.759753717703862,8,PSO,0
229,229.0,-22.759753717703862,9,PSO,0
230,230.0,-22.759753717703862,10,PSO,0
231,231.0,-48.428139073054936,0,PSO,1
232,232.0,-48.428139073054936,1,PSO,1
233,233.0,-48.428139073054936,2,PSO,1
234,234.0,-48.428139073054936,3,PSO,1
235,235.0,-48.428139073054936,4,PSO,1
236,236.0,-48.428139073054936,5,PSO,1
237,237.0,-48.428139073054936,6,PSO,1
238,238.0,-48.428139073054936,7,PSO,1
239,239.0,-48.428139073054936,8,PSO,1
240,240.0,-48.428139073054936,9,PSO,1
241,241.0,-48.428139073054936,10,PSO,1
242,242.0,-53.0240570066873,0,PSO,2
243,243.0,-53.0240570066873,1,PSO,2
244,244.0,-53.0240570066873,2,PSO,2
245,245.0,-53.0240570066873,3,PSO,2
246,246.0,-53.0240570066873,4,PSO,2
247,247.0,-53.0240570066873,5,PSO,2
248,248.0,-53.0240570066873,6,PSO,2
249,249.0,-53.0240570066873,7,PSO,2
250,250.0,-53.0240570066873,8,PSO,2
251,251.0,-53.0240570066873,9,PSO,2
252,252.0,-53.0240570066873,10,PSO,2
253,253.0,-64.18593981151497,0,PSO,3
254,254.0,-64.18593981151497,1,PSO,3
255,255.0,-64.18593981151497,2,PSO,3
256,256.0,-64.18593981151497,3,PSO,3
257,257.0,-64.18593981151497,4,PSO,3
258,258.0,-64.18593981151497,5,PSO,3
259,259.0,-64.18593981151497,6,PSO,3
260,260.0,-64.18593981151497,7,PSO,3
261,261.0,-64.18593981151497,8,PSO,3
262,262.0,-64.18593981151497,9,PSO,3
263,263.0,-64.18593981151497,10,PSO,3
264,264.0,-34.27148063121763,0,PSO,4
265,265.0,-34.27148063121763,1,PSO,4
266,266.0,-34.27148063121763,2,PSO,4
267,267.0,-34.27148063121763,3,PSO,4
268,268.0,-34.27148063121763,4,PSO,4
269,269.0,-34.27148063121763,5,PSO,4
270,270.0,-34.27148063121763,6,PSO,4
271,271.0,-34.27148063121763,7,PSO,4
272,272.0,-34.27148063121763,8,PSO,4
273,273.0,-34.27148063121763,9,PSO,4
274,274.0,-34.27148063121763,10,PSO,4
275,275.0,-38.15262087155331,0,PSO,5
276,276.0,-38.15262087155331,1,PSO,5
277,277.0,-38.15262087155331,2,PSO,5
278,278.0,-38.15262087155331,3,PSO,5
279,279.0,-38.15262087155331,4,PSO,5
280,280.0,-38.15262087155331,5,PSO,5
281,281.0,-38.15262087155331,6,PSO,5
282,282.0,-38.15262087155331,7,PSO,5
283,283.0,-38.15262087155331,8,PSO,5
284,284.0,-38.15262087155331,9,PSO,5
285,285.0,-38.15262087155331,10,PSO,5
286,286.0,-59.75045812600207,0,PSO,6
287,287.0,-59.75045812600207,1,PSO,6
288,288.0,-59.75045812600207,2,PSO,6
289,289.0,-59.75045812600207,3,PSO,6
290,290.0,-59.75045812600207,4,PSO,6
291,291.0,-59.75045812600207,5,PSO,6
292,292.0,-59.75045812600207,6,PSO,6
293,293.0,-59.75045812600207,7,PSO,6
294,294.0,-59.75045812600207,8,PSO,6
295,295.0,-59.75045812600207,9,PSO,6
296,296.0,-59.75045812600207,10,PSO,6
297,297.0,-55.79026134562984,0,PSO,7
298,298.0,-55.79026134562984,1,PSO,7
299,299.0,-55.79026134562984,2,PSO,7
300,300.0,-55.79026134562984,3,PSO,7
301,301.0,-55.79026134562984,4,PSO,7
302,302.0,-55.79026134562984,5,PSO,7
303,303.0,-55.79026134562984,6,PSO,7
304,304.0,-55.79026134562984,7,PSO,7
305,305.0,-55.79026134562984,8,PSO,7
306,306.0,-55.79026134562984,9,PSO,7
307,307.0,-55.79026134562984,10,PSO,7
308,308.0,-21.87503121600363,0,PSO,8
309,309.0,-21.87503121600363,1,PSO,8
310,310.0,-21.87503121600363,2,PSO,8
311,311.0,-21.87503121600363,3,PSO,8
312,312.0,-21.87503121600363,4,PSO,8
313,313.0,-21.87503121600363,5,PSO,8
314,314.0,-21.87503121600363,6,PSO,8
315,315.0,-21.87503121600363,7,PSO,8
316,316.0,-21.87503121600363,8,PSO,8
317,317.0,-21.87503121600363,9,PSO,8
318,318.0,-21.87503121600363,10,PSO,8
319,319.0,-40.9539533185668,0,PSO,9
320,320.0,-40.9539533185668,1,PSO,9
321,321.0,-40.9539533185668,2,PSO,9
322,322.0,-40.9539533185668,3,PSO,9
323,323.0,-40.9539533185668,4,PSO,9
324,324.0,-40.9539533185668,5,PSO,9
325,325.0,-40.9539533185668,6,PSO,9
326,326.0,-40.9539533185668,7,PSO,9
327,327.0,-40.9539533185668,8,PSO,9
328,328.0,-40.9539533185668,9,PSO,9
329,329.0,-40.9539533185668,10,PSO,9
330,330.0,-22.759753717703862,0,SBO(2OP)-GA PV,0
331,331.0,-22.759753717703862,1,SBO(2OP)-GA PV,0
332,332.0,-22.759753717703862,2,SBO(2OP)-GA PV,0
333,333.0,-22.759753717703862,3,SBO(2OP)-GA PV,0
334,334.0,-22.759753717703862,4,SBO(2OP)-GA PV,0
335,335.0,-22.759753717703862,5,SBO(2OP)-GA PV,0
336,336.0,-22.759753717703862,6,SBO(2OP)-GA PV,0
337,337.0,-22.759753717703862,7,SBO(2OP)-GA PV,0
338,338.0,-22.759753717703862,8,SBO(2OP)-GA PV,0
339,339.0,-22.759753717703862,9,SBO(2OP)-GA PV,0
340,340.0,-22.759753717703862,10,SBO(2OP)-GA PV,0
341,341.0,-48.428139073054936,0,SBO(2OP)-GA PV,1
342,342.0,-48.428139073054936,1,SBO(2OP)-GA PV,1
343,343.0,-48.428139073054936,2,SBO(2OP)-GA PV,1
344,344.0,-48.428139073054936,3,SBO(2OP)-GA PV,1
345,345.0,-48.428139073054936,4,SBO(2OP)-GA PV,1
346,346.0,-48.428139073054936,5,SBO(2OP)-GA PV,1
347,347.0,-48.428139073054936,6,SBO(2OP)-GA PV,1
348,348.0,-48.428139073054936,7,SBO(2OP)-GA PV,1
349,349.0,-48.428139073054936,8,SBO(2OP)-GA PV,1
350,350.0,-48.428139073054936,9,SBO(2OP)-GA PV,1
351,351.0,-48.428139073054936,10,SBO(2OP)-GA PV,1
352,352.0,-53.0240570066873,0,SBO(2OP)-GA PV,2
353,353.0,-53.0240570066873,1,SBO(2OP)-GA PV,2
354,354.0,-53.0240570066873,2,SBO(2OP)-GA PV,2
355,355.0,-53.0240570066873,3,SBO(2OP)-GA PV,2
356,356.0,-53.0240570066873,4,SBO(2OP)-GA PV,2
357,357.0,-53.0240570066873,5,SBO(2OP)-GA PV,2
358,358.0,-53.0240570066873,6,SBO(2OP)-GA PV,2
359,359.0,-53.0240570066873,7,SBO(2OP)-GA PV,2
360,360.0,-53.0240570066873,8,SBO(2OP)-GA PV,2
361,361.0,-53.0240570066873,9,SBO(2OP)-GA PV,2
362,362.0,-53.0240570066873,10,SBO(2OP)-GA PV,2
363,363.0,-64.18593981151497,0,SBO(2OP)-GA PV,3
364,364.0,-64.18593981151497,1,SBO(2OP)-GA PV,3
365,365.0,-64.18593981151497,2,SBO(2OP)-GA PV,3
366,366.0,-64.18593981151497,3,SBO(2OP)-GA PV,3
367,367.0,-64.18593981151497,4,SBO(2OP)-GA PV,3
368,368.0,-64.18593981151497,5,SBO(2OP)-GA PV,3
369,369.0,-64.18593981151497,6,SBO(2OP)-GA PV,3
370,370.0,-64.18593981151497,7,SBO(2OP)-GA PV,3
371,371.0,-64.18593981151497,8,SBO(2OP)-GA PV,3
372,372.0,-64.18593981151497,9,SBO(2OP)-GA PV,3
373,373.0,-64.18593981151497,10,SBO(2OP)-GA PV,3
374,374.0,-34.27148063121763,0,SBO(2OP)-GA PV,4
375,375.0,-34.27148063121763,1,SBO(2OP)-GA PV,4
376,376.0,-34.27148063121763,2,SBO(2OP)-GA PV,4
377,377.0,-34.27148063121763,3,SBO(2OP)-GA PV,4
378,378.0,-34.27148063121763,4,SBO(2OP)-GA PV,4
379,379.0,-34.27148063121763,5,SBO(2OP)-GA PV,4
380,380.0,-34.27148063121763,6,SBO(2OP)-GA PV,4
381,381.0,-34.27148063121763,7,SBO(2OP)-GA PV,4
382,382.0,-34.27148063121763,8,SBO(2OP)-GA PV,4
383,383.0,-34.27148063121763,9,SBO(2OP)-GA PV,4
384,384.0,-34.27148063121763,10,SBO(2OP)-GA PV,4
385,385.0,-38.15262087155331,0,SBO(2OP)-GA PV,5
386,386.0,-38.15262087155331,1,SBO(2OP)-GA PV,5
387,387.0,-38.15262087155331,2,SBO(2OP)-GA PV,5
388,388.0,-38.15262087155331,3,SBO(2OP)-GA PV,5
389,389.0,-38.15262087155331,4,SBO(2OP)-GA PV,5
390,390.0,-38.15262087155331,5,SBO(2OP)-GA PV,5
391,391.0,-38.15262087155331,6,SBO(2OP)-GA PV,5
392,392.0,-38.15262087155331,7,SBO(2OP)-GA PV,5
393,393.0,-38.15262087155331,8,SBO(2OP)-GA PV,5
394,394.0,-38.15262087155331,9,SBO(2OP)-GA PV,5
395,395.0,-38.15262087155331,10,SBO(2OP)-GA PV,5
396,396.0,-59.75045812600207,0,SBO(2OP)-GA PV,6
397,397.0,-59.75045812600207,1,SBO(2OP)-GA PV,6
398,398.0,-59.75045812600207,2,SBO(2OP)-GA PV,6
399,399.0,-59.75045812600207,3,SBO(2OP)-GA PV,6
400,400.0,-59.75045812600207,4,SBO(2OP)-GA PV,6
401,401.0,-59.75045812600207,5,SBO(2OP)-GA PV,6
402,402.0,-59.75045812600207,6,SBO(2OP)-GA PV,6
403,403.0,-59.75045812600207,7,SBO(2OP)-GA PV,6
404,404.0,-59.75045812600207,8,SBO(2OP)-GA PV,6
405,405.0,-59.75045812600207,9,SBO(2OP)-GA PV,6
406,406.0,-59.75045812600207,10,SBO(2OP)-GA PV,6
407,407.0,-55.79026134562984,0,SBO(2OP)-GA PV,7
408,408.0,-55.79026134562984,1,SBO(2OP)-GA PV,7
409,409.0,-55.79026134562984,2,SBO(2OP)-GA PV,7
410,410.0,-55.79026134562984,3,SBO(2OP)-GA PV,7
411,411.0,-55.79026134562984,4,SBO(2OP)-GA PV,7
412,412.0,-55.79026134562984,5,SBO(2OP)-GA PV,7
413,413.0,-55.79026134562984,6,SBO(2OP)-GA PV,7
414,414.0,-55.79026134562984,7,SBO(2OP)-GA PV,7
415,415.0,-55.79026134562984,8,SBO(2OP)-GA PV,7
416,416.0,-55.79026134562984,9,SBO(2OP)-GA PV,7
417,417.0,-55.79026134562984,10,SBO(2OP)-GA PV,7
418,418.0,-21.87503121600363,0,SBO(2OP)-GA PV,8
419,419.0,-21.87503121600363,1,SBO(2OP)-GA PV,8
420,420.0,-21.87503121600363,2,SBO(2OP)-GA PV,8
421,421.0,-21.87503121600363,3,SBO(2OP)-GA PV,8
422,422.0,-21.87503121600363,4,SBO(2OP)-GA PV,8
423,423.0,-21.87503121600363,5,SBO(2OP)-GA PV,8
424,424.0,-21.87503121600363,6,SBO(2OP)-GA PV,8
425,425.0,-21.87503121600363,7,SBO(2OP)-GA PV,8
426,426.0,-21.87503121600363,8,SBO(2OP)-GA PV,8
427,427.0,-21.87503121600363,9,SBO(2OP)-GA PV,8
428,428.0,-21.87503121600363,10,SBO(2OP)-GA PV,8
429,429.0,-40.9539533185668,0,SBO(2OP)-GA PV,9
430,430.0,-40.9539533185668,1,SBO(2OP)-GA PV,9
431,431.0,-40.9539533185668,2,SBO(2OP)-GA PV,9
432,432.0,-40.9539533185668,3,SBO(2OP)-GA PV,9
433,433.0,-40.9539533185668,4,SBO(2OP)-GA PV,9
434,434.0,-40.9539533185668,5,SBO(2OP)-GA PV,9
435,435.0,-40.9539533185668,6,SBO(2OP)-GA PV,9
436,436.0,-40.9539533185668,7,SBO(2OP)-GA PV,9
437,437.0,-40.9539533185668,8,SBO(2OP)-GA PV,9
438,438.0,-40.9539533185668,9,SBO(2OP)-GA PV,9
439,439.0,-40.9539533185668,10,SBO(2OP)-GA PV,9
440,440.0,-22.759753717703862,0,SBO(KRG)-GA EI,0
441,441.0,-22.759753717703862,1,SBO(KRG)-GA EI,0
442,442.0,-22.759753717703862,2,SBO(KRG)-GA EI,0
443,443.0,-22.759753717703862,3,SBO(KRG)-GA EI,0
444,444.0,-22.759753717703862,4,SBO(KRG)-GA EI,0
445,445.0,-22.759753717703862,5,SBO(KRG)-GA EI,0
446,446.0,-22.759753717703862,6,SBO(KRG)-GA EI,0
447,447.0,-22.759753717703862,7,SBO(KRG)-GA EI,0
448,448.0,-22.759753717703862,8,SBO(KRG)-GA EI,0
449,449.0,-22.759753717703862,9,SBO(KRG)-GA EI,0
450,450.0,-22.759753717703862,10,SBO(KRG)-GA EI,0
451,451.0,-48.428139073054936,0,SBO(KRG)-GA EI,1
452,452.0,-48.428139073054936,1,SBO(KRG)-GA EI,1
453,453.0,-48.428139073054936,2,SBO(KRG)-GA EI,1
454,454.0,-48.428139073054936,3,SBO(KRG)-GA EI,1
455,455.0,-48.428139073054936,4,SBO(KRG)-GA EI,1
456,456.0,-48.428139073054936,5,SBO(KRG)-GA EI,1
457,457.0,-48.428139073054936,6,SBO(KRG)-GA EI,1
458,458.0,-48.428139073054936,7,SBO(KRG)-GA EI,1
459,459.0,-48.428139073054936,8,SBO(KRG)-GA EI,1
460,460.0,-48.428139073054936,9,SBO(KRG)-GA EI,1
461,461.0,-48.428139073054936,10,SBO(KRG)-GA EI,1
462,462.0,-53.0240570066873,0,SBO(KRG)-GA EI,2
463,463.0,-53.0240570066873,1,SBO(KRG)-GA EI,2
464,464.0,-53.0240570066873,2,SBO(KRG)-GA EI,2
465,465.0,-53.0240570066873,3,SBO(KRG)-GA EI,2
466,466.0,-53.0240570066873,4,SBO(KRG)-GA EI,2
467,467.0,-53.0240570066873,5,SBO(KRG)-GA EI,2
468,468.0,-53.0240570066873,6,SBO(KRG)-GA EI,2
469,469.0,-53.0240570066873,7,SBO(KRG)-GA EI,2
470,470.0,-53.0240570066873,8,SBO(KRG)-GA EI,2
471,471.0,-53.0240570066873,9,SBO(KRG)-GA EI,2
472,472.0,-53.0240570066873,10,SBO(KRG)-GA EI,2
473,473.0,-64.18593981151497,0,SBO(KRG)-GA EI,3
474,474.0,-64.18593981151497,1,SBO(KRG)-GA EI,3
475,475.0,-64.18593981151497,2,SBO(KRG)-GA EI,3
476,476.0,-64.18593981151497,3,SBO(KRG)-GA EI,3
477,477.0,-64.18593981151497,4,SBO(KRG)-GA EI,3
478,478.0,-64.18593981151497,5,SBO(KRG)-GA EI,3
479,479.0,-64.18593981151497,6,SBO(KRG)-GA EI,3
480,480.0,-64.18593981151497,7,SBO(KRG)-GA EI,3
481,481.0,-64.18593981151497,8,SBO(KRG)-GA EI,3
482,482.0,-64.18593981151497,9,SBO(KRG)-GA EI,3
483,483.0,-64.18593981151497,10,SBO(KRG)-GA EI,3
484,484.0,-34.27148063121763,0,SBO(KRG)-GA EI,4
485,485.0,-34.27148063121763,1,SBO(KRG)-GA EI,4
486,486.0,-34.27148063121763,2,SBO(KRG)-GA EI,4
487,487.0,-34.27148063121763,3,SBO(KRG)-GA EI,4
488,488.0,-34.27148063121763,4,SBO(KRG)-GA EI,4
489,489.0,-34.27148063121763,5,SBO(KRG)-GA EI,4
490,490.0,-34.27148063121763,6,SBO(KRG)-GA EI,4
491,491.0,-34.27148063121763,7,SBO(KRG)-GA EI,4
492,492.0,-34.27148063121763,8,SBO(KRG)-GA EI,4
493,493.0,-34.27148063121763,9,SBO(KRG)-GA EI,4
494,494.0,-34.27148063121763,10,SBO(KRG)-GA EI,4
495,495.0,-38.15262087155331,0,SBO(KRG)-GA EI,5
496,496.0,-38.15262087155331,1,SBO(KRG)-GA EI,5
497,497.0,-38.15262087155331,2,SBO(KRG)-GA EI,5
498,498.0,-38.15262087155331,3,SBO(KRG)-GA EI,5
499,499.0,-38.15262087155331,4,SBO(KRG)-GA EI,5
500,500.0,-38.15262087155331,5,SBO(KRG)-GA EI,5
501,501.0,-38.15262087155331,6,SBO(KRG)-GA EI,5
502,502.0,-38.15262087155331,7,SBO(KRG)-GA EI,5
503,503.0,-38.15262087155331,8,SBO(KRG)-GA EI,5
504,504.0,-38.15262087155331,9,SBO(KRG)-GA EI,5
505,505.0,-38.15262087155331,10,SBO(KRG)-GA EI,5
506,506.0,-59.75045812600207,0,SBO(KRG)-GA EI,6
507,507.0,-59.75045812600207,1,SBO(KRG)-GA EI,6
508,508.0,-59.75045812600207,2,SBO(KRG)-GA EI,6
509,509.0,-59.75045812600207,3,SBO(KRG)-GA EI,6
510,510.0,-59.75045812600207,4,SBO(KRG)-GA EI,6
511,511.0,-59.75045812600207,5,SBO(KRG)-GA EI,6
512,512.0,-59.75045812600207,6,SBO(KRG)-GA EI,6
513,513.0,-59.75045812600207,7,SBO(KRG)-GA EI,6
514,514.0,-59.75045812600207,8,SBO(KRG)-GA EI,6
515,515.0,-59.75045812600207,9,SBO(KRG)-GA EI,6
516,516.0,-59.75045812600207,10,SBO(KRG)-GA EI,6
517,517.0,-55.79026134562984,0,SBO(KRG)-GA EI,7
518,518.0,-55.79026134562984,1,SBO(KRG)-GA EI,7
519,519.0,-55.79026134562984,2,SBO(KRG)-GA EI,7
520,520.0,-55.79026134562984,3,SBO(KRG)-GA EI,7
521,521.0,-55.79026134562984,4,SBO(KRG)-GA EI,7
522,522.0,-55.79026134562984,5,SBO(KRG)-GA EI,7
523,523.0,-55.79026134562984,6,SBO(KRG)-GA EI,7
524,524.0,-55.79026134562984,7,SBO(KRG)-GA EI,7
525,525.0,-55.79026134562984,8,SBO(KRG)-GA EI,7
526,526.0,-55.79026134562984,9,SBO(KRG)-GA EI,7
527,527.0,-55.79026134562984,10,SBO(KRG)-GA EI,7
528,528.0,-21.87503121600363,0,SBO(KRG)-GA EI,8
529,529.0,-21.87503121600363,1,SBO(KRG)-GA EI,8
530,530.0,-21.87503121600363,2,SBO(KRG)-GA EI,8
531,531.0,-21.87503121600363,3,SBO(KRG)-GA EI,8
532,532.0,-21.87503121600363,4,SBO(KRG)-GA EI,8
533,533.0,-21.87503121600363,5,SBO(KRG)-GA EI,8
534,534.0,-21.87503121600363,6,SBO(KRG)-GA EI,8
535,535.0,-21.87503121600363,7,SBO(KRG)-GA EI,8
536,536.0,-21.87503121600363,8,SBO(KRG)-GA EI,8
537,537.0,-21.87503121600363,9,SBO(KRG)-GA EI,8
538,538.0,-21.87503121600363,10,SBO(KRG)-GA EI,8
539,539.0,-40.9539533185668,0,SBO(KRG)-GA EI,9
540,540.0,-40.9539533185668,1,SBO(KRG)-GA EI,9
541,541.0,-40.9539533185668,2,SBO(KRG)-GA EI,9
542,542.0,-40.9539533185668,3,SBO(KRG)-GA EI,9
543,543.0,-40.9539533185668,4,SBO(KRG)-GA EI,9
544,544.0,-40.9539533185668,5,SBO(KRG)-GA EI,9
545,545.0,-40.9539533185668,6,SBO(KRG)-GA EI,9
546,546.0,-40.9539533185668,7,SBO(KRG)-GA EI,9
547,547.0,-40.9539533185668,8,SBO(KRG)-GA EI,9
548,548.0,-40.9539533185668,9,SBO(KRG)-GA EI,9
549,549.0,-40.9539533185668,10,SBO(KRG)-GA EI,9
550,550.0,-22.759753717703862,0,SBO(MLP)-GA PV,0
551,551.0,-22.759753717703862,1,SBO(MLP)-GA PV,0
552,552.0,-22.759753717703862,2,SBO(MLP)-GA PV,0
553,553.0,-22.759753717703862,3,SBO(MLP)-GA PV,0
554,554.0,-22.759753717703862,4,SBO(MLP)-GA PV,0
555,555.0,-22.759753717703862,5,SBO(MLP)-GA PV,0
556,556.0,-22.759753717703862,6,SBO(MLP)-GA PV,0
557,557.0,-22.759753717703862,7,SBO(MLP)-GA PV,0
558,558.0,-22.759753717703862,8,SBO(MLP)-GA PV,0
559,559.0,-22.759753717703862,9,SBO(MLP)-GA PV,0
560,560.0,-22.759753717703862,10,SBO(MLP)-GA PV,0
561,561.0,-48.428139073054936,0,SBO(MLP)-GA PV,1
562,562.0,-48.428139073054936,1,SBO(MLP)-GA PV,1
563,563.0,-48.428139073054936,2,SBO(MLP)-GA PV,1
564,564.0,-48.428139073054936,3,SBO(MLP)-GA PV,1
565,565.0,-48.428139073054936,4,SBO(MLP)-GA PV,1
566,566.0,-48.428139073054936,5,SBO(MLP)-GA PV,1
567,567.0,-48.428139073054936,6,SBO(MLP)-GA PV,1
568,568.0,-48.428139073054936,7,SBO(MLP)-GA PV,1
569,569.0,-48.428139073054936,8,SBO(MLP)-GA PV,1
570,570.0,-48.428139073054936,9,SBO(MLP)-GA PV,1
571,571.0,-48.428139073054936,10,SBO(MLP)-GA PV,1
572,572.0,-53.0240570066873,0,SBO(MLP)-GA PV,2
573,573.0,-53.0240570066873,1,SBO(MLP)-GA PV,2
574,574.0,-53.0240570066873,2,SBO(MLP)-GA PV,2
575,575.0,-53.0240570066873,3,SBO(MLP)-GA PV,2
576,576.0,-53.0240570066873,4,SBO(MLP)-GA PV,2
577,577.0,-53.0240570066873,5,SBO(MLP)-GA PV,2
578,578.0,-53.0240570066873,6,SBO(MLP)-GA PV,2
579,579.0,-53.0240570066873,7,SBO(MLP)-GA PV,2
580,580.0,-53.0240570066873,8,SBO(MLP)-GA PV,2
581,581.0,-53.0240570066873,9,SBO(MLP)-GA PV,2
582,582.0,-53.0240570066873,10,SBO(MLP)-GA PV,2
583,583.0,-64.18593981151497,0,SBO(MLP)-GA PV,3
584,584.0,-64.18593981151497,1,SBO(MLP)-GA PV,3
585,585.0,-64.18593981151497,2,SBO(MLP)-GA PV,3
586,586.0,-64.18593981151497,3,SBO(MLP)-GA PV,3
587,587.0,-64.18593981151497,4,SBO(MLP)-GA PV,3
588,588.0,-64.18593981151497,5,SBO(MLP)-GA PV,3
589,589.0,-64.18593981151497,6,SBO(MLP)-GA PV,3
590,590.0,-64.18593981151497,7,SBO(MLP)-GA PV,3
591,591.0,-64.18593981151497,8,SBO(MLP)-GA PV,3
592,592.0,-64.18593981151497,9,SBO(MLP)-GA PV,3
593,593.0,-64.18593981151497,10,SBO(MLP)-GA PV,3
594,594.0,-34.27148063121763,0,SBO(MLP)-GA PV,4
595,595.0,-34.27148063121763,1,SBO(MLP)-GA PV,4
596,596.0,-34.27148063121763,2,SBO(MLP)-GA PV,4
597,597.0,-34.27148063121763,3,SBO(MLP)-GA PV,4
598,598.0,-34.27148063121763,4,SBO(MLP)-GA PV,4
599,599.0,-34.27148063121763,5,SBO(MLP)-GA PV,4
600,600.0,-34.27148063121763,6,SBO(MLP)-GA PV,4
601,601.0,-34.27148063121763,7,SBO(MLP)-GA PV,4
602,602.0,-34.27148063121763,8,SBO(MLP)-GA PV,4
603,603.0,-34.27148063121763,9,SBO(MLP)-GA PV,4
604,604.0,-34.27148063121763,10,SBO(MLP)-GA PV,4
605,605.0,-38.15262087155331,0,SBO(MLP)-GA PV,5
606,606.0,-38.15262087155331,1,SBO(MLP)-GA PV,5
607,607.0,-38.15262087155331,2,SBO(MLP)-GA PV,5
608,608.0,-38.15262087155331,3,SBO(MLP)-GA PV,5
609,609.0,-38.15262087155331,4,SBO(MLP)-GA PV,5
610,610.0,-38.15262087155331,5,SBO(MLP)-GA PV,5
611,611.0,-38.15262087155331,6,SBO(MLP)-GA PV,5
612,612.0,-38.15262087155331,7,SBO(MLP)-GA PV,5
613,613.0,-38.15262087155331,8,SBO(MLP)-GA PV,5
614,614.0,-38.15262087155331,9,SBO(MLP)-GA PV,5
615,615.0,-38.15262087155331,10,SBO(MLP)-GA PV,5
616,616.0,-59.75045812600207,0,SBO(MLP)-GA PV,6
617,617.0,-59.75045812600207,1,SBO(MLP)-GA PV,6
618,618.0,-59.75045812600207,2,SBO(MLP)-GA PV,6
619,619.0,-59.75045812600207,3,SBO(MLP)-GA PV,6
620,620.0,-59.75045812600207,4,SBO(MLP)-GA PV,6
621,621.0,-59.75045812600207,5,SBO(MLP)-GA PV,6
622,622.0,-59.75045812600207,6,SBO(MLP)-GA PV,6
623,623.0,-59.75045812600207,7,SBO(MLP)-GA PV,6
624,624.0,-59.75045812600207,8,SBO(MLP)-GA PV,6
625,625.0,-59.75045812600207,9,SBO(MLP)-GA PV,6
626,626.0,-59.75045812600207,10,SBO(MLP)-GA PV,6
627,627.0,-55.79026134562984,0,SBO(MLP)-GA PV,7
628,628.0,-55.79026134562984,1,SBO(MLP)-GA PV,7
629,629.0,-55.79026134562984,2,SBO(MLP)-GA PV,7
630,630.0,-55.79026134562984,3,SBO(MLP)-GA PV,7
631,631.0,-55.79026134562984,4,SBO(MLP)-GA PV,7
632,632.0,-55.79026134562984,5,SBO(MLP)-GA PV,7
633,633.0,-55.79026134562984,6,SBO(MLP)-GA PV,7
634,634.0,-55.79026134562984,7,SBO(MLP)-GA PV,7
635,635.0,-55.79026134562984,8,SBO(MLP)-GA PV,7
636,636.0,-55.79026134562984,9,SBO(MLP)-GA PV,7
637,637.0,-55.79026134562984,10,SBO(MLP)-GA PV,7
638,638.0,-21.87503121600363,0,SBO(MLP)-GA PV,8
639,639.0,-21.87503121600363,1,SBO(MLP)-GA PV,8
640,640.0,-21.87503121600363,2,SBO(MLP)-GA PV,8
641,641.0,-21.87503121600363,3,SBO(MLP)-GA PV,8
642,642.0,-21.87503121600363,4,SBO(MLP)-GA PV,8
643,643.0,-21.87503121600363,5,SBO(MLP)-GA PV,8
644,644.0,-21.87503121600363,6,SBO(MLP)-GA PV,8
645,645.0,-21.87503121600363,7,SBO(MLP)-GA PV,8
646,646.0,-21.87503121600363,8,SBO(MLP)-GA PV,8
647,647.0,-21.87503121600363,9,SBO(MLP)-GA PV,8
648,648.0,-21.87503121600363,10,SBO(MLP)-GA PV,8
649,649.0,-40.9539533185668,0,SBO(MLP)-GA PV,9
650,650.0,-40.9539533185668,1,SBO(MLP)-GA PV,9
651,651.0,-40.9539533185668,2,SBO(MLP)-GA PV,9
652,652.0,-40.9539533185668,3,SBO(MLP)-GA PV,9
653,653.0,-40.9539533185668,4,SBO(MLP)-GA PV,9
654,654.0,-40.9539533185668,5,SBO(MLP)-GA PV,9
655,655.0,-40.9539533185668,6,SBO(MLP)-GA PV,9
656,656.0,-40.9539533185668,7,SBO(MLP)-GA PV,9
657,657.0,-40.9539533185668,8,SBO(MLP)-GA PV,9
658,658.0,-40.9539533185668,9,SBO(MLP)-GA PV,9
659,659.0,-40.9539533185668,10,SBO(MLP)-GA PV,9
660,660.0,-22.759753717703862,0,SBO(KRG)-GA PV,0
661,661.0,-22.759753717703862,1,SBO(KRG)-GA PV,0
662,662.0,-22.759753717703862,2,SBO(KRG)-GA PV,0
663,663.0,-22.759753717703862,3,SBO(KRG)-GA PV,0
664,664.0,-22.759753717703862,4,SBO(KRG)-GA PV,0
665,665.0,-22.759753717703862,5,SBO(KRG)-GA PV,0
666,666.0,-22.759753717703862,6,SBO(KRG)-GA PV,0
667,667.0,-22.759753717703862,7,SBO(KRG)-GA PV,0
668,668.0,-22.759753717703862,8,SBO(KRG)-GA PV,0
669,669.0,-22.759753717703862,9,SBO(KRG)-GA PV,0
670,670.0,-22.759753717703862,10,SBO(KRG)-GA PV,0
671,671.0,-48.428139073054936,0,SBO(KRG)-GA PV,1
672,672.0,-48.428139073054936,1,SBO(KRG)-GA PV,1
673,673.0,-48.428139073054936,2,SBO(KRG)-GA PV,1
674,674.0,-48.428139073054936,3,SBO(KRG)-GA PV,1
675,675.0,-48.428139073054936,4,SBO(KRG)-GA PV,1
676,676.0,-48.428139073054936,5,SBO(KRG)-GA PV,1
677,677.0,-48.428139073054936,6,SBO(KRG)-GA PV,1
678,678.0,-48.428139073054936,7,SBO(KRG)-GA PV,1
679,679.0,-48.428139073054936,8,SBO(KRG)-GA PV,1
680,680.0,-48.428139073054936,9,SBO(KRG)-GA PV,1
681,681.0,-48.428139073054936,10,SBO(KRG)-GA PV,1
682,682.0,-53.0240570066873,0,SBO(KRG)-GA PV,2
683,683.0,-53.0240570066873,1,SBO(KRG)-GA PV,2
684,684.0,-53.0240570066873,2,SBO(KRG)-GA PV,2
685,685.0,-53.0240570066873,3,SBO(KRG)-GA PV,2
686,686.0,-53.0240570066873,4,SBO(KRG)-GA PV,2
687,687.0,-53.0240570066873,5,SBO(KRG)-GA PV,2
688,688.0,-53.0240570066873,6,SBO(KRG)-GA PV,2
689,689.0,-53.0240570066873,7,SBO(KRG)-GA PV,2
690,690.0,-53.0240570066873,8,SBO(KRG)-GA PV,2
691,691.0,-53.0240570066873,9,SBO(KRG)-GA PV,2
692,692.0,-53.0240570066873,10,SBO(KRG)-GA PV,2
693,693.0,-64.18593981151497,0,SBO(KRG)-GA PV,3
694,694.0,-64.18593981151497,1,SBO(KRG)-GA PV,3
695,695.0,-64.18593981151497,2,SBO(KRG)-GA PV,3
696,696.0,-64.18593981151497,3,SBO(KRG)-GA PV,3
697,697.0,-64.18593981151497,4,SBO(KRG)-GA PV,3
698,698.0,-64.18593981151497,5,SBO(KRG)-GA PV,3
699,699.0,-64.18593981151497,6,SBO(KRG)-GA PV,3
700,700.0,-64.18593981151497,7,SBO(KRG)-GA PV,3
701,701.0,-64.18593981151497,8,SBO(KRG)-GA PV,3
702,702.0,-64.18593981151497,9,SBO(KRG)-GA PV,3
703,703.0,-64.18593981151497,10,SBO(KRG)-GA PV,3
704,704.0,-34.27148063121763,0,SBO(KRG)-GA PV,4
705,705.0,-34.27148063121763,1,SBO(KRG)-GA PV,4
706,706.0,-34.27148063121763,2,SBO(KRG)-GA PV,4
707,707.0,-34.27148063121763,3,SBO(KRG)-GA PV,4
708,708.0,-34.27148063121763,4,SBO(KRG)-GA PV,4
709,709.0,-34.27148063121763,5,SBO(KRG)-GA PV,4
710,710.0,-34.27148063121763,6,SBO(KRG)-GA PV,4
711,711.0,-34.27148063121763,7,SBO(KRG)-GA PV,4
712,712.0,-34.27148063121763,8,SBO(KRG)-GA PV,4
713,713.0,-34.27148063121763,9,SBO(KRG)-GA PV,4
714,714.0,-34.27148063121763,10,SBO(KRG)-GA PV,4
715,715.0,-38.15262087155331,0,SBO(KRG)-GA PV,5
716,716.0,-38.15262087155331,1,SBO(KRG)-GA PV,5
717,717.0,-38.15262087155331,2,SBO(KRG)-GA PV,5
718,718.0,-38.15262087155331,3,SBO(KRG)-GA PV,5
719,719.0,-38.15262087155331,4,SBO(KRG)-GA PV,5
720,720.0,-38.15262087155331,5,SBO(KRG)-GA PV,5
721,721.0,-38.15262087155331,6,SBO(KRG)-GA PV,5
722,722.0,-38.15262087155331,7,SBO(KRG)-GA PV,5
723,723.0,-38.15262087155331,8,SBO(KRG)-GA PV,5
724,724.0,-38.15262087155331,9,SBO(KRG)-GA PV,5
725,725.0,-38.15262087155331,10,SBO(KRG)-GA PV,5
726,726.0,-59.75045812600207,0,SBO(KRG)-GA PV,6
727,727.0,-59.75045812600207,1,SBO(KRG)-GA PV,6
728,728.0,-59.75045812600207,2,SBO(KRG)-GA PV,6
729,729.0,-59.75045812600207,3,SBO(KRG)-GA PV,6
730,730.0,-59.75045812600207,4,SBO(KRG)-GA PV,6
731,731.0,-59.75045812600207,5,SBO(KRG)-GA PV,6
732,732.0,-59.75045812600207,6,SBO(KRG)-GA PV,6
733,733.0,-59.75045812600207,7,SBO(KRG)-GA PV,6
734,734.0,-59.75045812600207,8,SBO(KRG)-GA PV,6
735,735.0,-59.75045812600207,9,SBO(KRG)-GA PV,6
736,736.0,-59.75045812600207,10,SBO(KRG)-GA PV,6
737,737.0,-55.79026134562984,0,SBO(KRG)-GA PV,7
738,738.0,-55.79026134562984,1,SBO(KRG)-GA PV,7
739,739.0,-55.79026134562984,2,SBO(KRG)-GA PV,7
740,740.0,-55.79026134562984,3,SBO(KRG)-GA PV,7
741,741.0,-55.79026134562984,4,SBO(KRG)-GA PV,7
742,742.0,-55.79026134562984,5,SBO(KRG)-GA PV,7
743,743.0,-55.79026134562984,6,SBO(KRG)-GA PV,7
744,744.0,-55.79026134562984,7,SBO(KRG)-GA PV,7
745,745.0,-55.79026134562984,8,SBO(KRG)-GA PV,7
746,746.0,-55.79026134562984,9,SBO(KRG)-GA PV,7
747,747.0,-55.79026134562984,10,SBO(KRG)-GA PV,7
748,748.0,-21.87503121600363,0,SBO(KRG)-GA PV,8
749,749.0,-21.87503121600363,1,SBO(KRG)-GA PV,8
750,750.0,-21.87503121600363,2,SBO(KRG)-GA PV,8
751,751.0,-21.87503121600363,3,SBO(KRG)-GA PV,8
752,752.0,-21.87503121600363,4,SBO(KRG)-GA PV,8
753,753.0,-21.87503121600363,5,SBO(KRG)-GA PV,8
754,754.0,-21.87503121600363,6,SBO(KRG)-GA PV,8
755,755.0,-21.87503121600363,7,SBO(KRG)-GA PV,8
756,756.0,-21.87503121600363,8,SBO(KRG)-GA PV,8
757,757.0,-21.87503121600363,9,SBO(KRG)-GA PV,8
758,758.0,-21.87503121600363,10,SBO(KRG)-GA PV,8
759,759.0,-40.9539533185668,0,SBO(KRG)-GA PV,9
760,760.0,-40.9539533185668,1,SBO(KRG)-GA PV,9
761,761.0,-40.9539533185668,2,SBO(KRG)-GA PV,9
762,762.0,-40.9539533185668,3,SBO(KRG)-GA PV,9
763,763.0,-40.9539533185668,4,SBO(KRG)-GA PV,9
764,764.0,-40.9539533185668,5,SBO(KRG)-GA PV,9
765,765.0,-40.9539533185668,6,SBO(KRG)-GA PV,9
766,766.0,-40.9539533185668,7,SBO(KRG)-GA PV,9
767,767.0,-40.9539533185668,8,SBO(KRG)-GA PV,9
768,768.0,-40.9539533185668,9,SBO(KRG)-GA PV,9
769,769.0,-40.9539533185668,10,SBO(KRG)-GA PV,9
770,770.0,-22.759753717703862,0,SBO(SVR)-GA PV,0
771,771.0,-22.759753717703862,1,SBO(SVR)-GA PV,0
772,772.0,-22.759753717703862,2,SBO(SVR)-GA PV,0
773,773.0,-22.759753717703862,3,SBO(SVR)-GA PV,0
774,774.0,-22.759753717703862,4,SBO(SVR)-GA PV,0
775,775.0,-22.759753717703862,5,SBO(SVR)-GA PV,0
776,776.0,-22.759753717703862,6,SBO(SVR)-GA PV,0
777,777.0,-22.759753717703862,7,SBO(SVR)-GA PV,0
778,778.0,-22.759753717703862,8,SBO(SVR)-GA PV,0
779,779.0,-22.759753717703862,9,SBO(SVR)-GA PV,0
780,780.0,-22.759753717703862,10,SBO(SVR)-GA PV,0
781,781.0,-48.428139073054936,0,SBO(SVR)-GA PV,1
782,782.0,-48.428139073054936,1,SBO(SVR)-GA PV,1
783,783.0,-48.428139073054936,2,SBO(SVR)-GA PV,1
784,784.0,-48.428139073054936,3,SBO(SVR)-GA PV,1
785,785.0,-48.428139073054936,4,SBO(SVR)-GA PV,1
786,786.0,-48.428139073054936,5,SBO(SVR)-GA PV,1
787,787.0,-48.428139073054936,6,SBO(SVR)-GA PV,1
788,788.0,-48.428139073054936,7,SBO(SVR)-GA PV,1
789,789.0,-48.428139073054936,8,SBO(SVR)-GA PV,1
790,790.0,-48.428139073054936,9,SBO(SVR)-GA PV,1
791,791.0,-48.428139073054936,10,SBO(SVR)-GA PV,1
792,792.0,-53.0240570066873,0,SBO(SVR)-GA PV,2
793,793.0,-53.0240570066873,1,SBO(SVR)-GA PV,2
794,794.0,-53.0240570066873,2,SBO(SVR)-GA PV,2
795,795.0,-53.0240570066873,3,SBO(SVR)-GA PV,2
796,796.0,-53.0240570066873,4,SBO(SVR)-GA PV,2
797,797.0,-53.0240570066873,5,SBO(SVR)-GA PV,2
798,798.0,-53.0240570066873,6,SBO(SVR)-GA PV,2
799,799.0,-53.0240570066873,7,SBO(SVR)-GA PV,2
800,800.0,-53.0240570066873,8,SBO(SVR)-GA PV,2
801,801.0,-53.0240570066873,9,SBO(SVR)-GA PV,2
802,802.0,-53.0240570066873,10,SBO(SVR)-GA PV,2
803,803.0,-64.18593981151497,0,SBO(SVR)-GA PV,3
804,804.0,-64.18593981151497,1,SBO(SVR)-GA PV,3
805,805.0,-64.18593981151497,2,SBO(SVR)-GA PV,3
806,806.0,-64.18593981151497,3,SBO(SVR)-GA PV,3
807,807.0,-64.18593981151497,4,SBO(SVR)-GA PV,3
808,808.0,-64.18593981151497,5,SBO(SVR)-GA PV,3
809,809.0,-64.18593981151497,6,SBO(SVR)-GA PV,3
810,810.0,-64.18593981151497,7,SBO(SVR)-GA PV,3
811,811.0,-64.18593981151497,8,SBO(SVR)-GA PV,3
812,812.0,-64.18593981151497,9,SBO(SVR)-GA PV,3
813,813.0,-64.18593981151497,10,SBO(SVR)-GA PV,3
814,814.0,-34.27148063121763,0,SBO(SVR)-GA PV,4
815,815.0,-34.27148063121763,1,SBO(SVR)-GA PV,4
816,816.0,-34.27148063121763,2,SBO(SVR)-GA PV,4
817,817.0,-34.27148063121763,3,SBO(SVR)-GA PV,4
818,818.0,-34.27148063121763,4,SBO(SVR)-GA PV,4
819,819.0,-34.27148063121763,5,SBO(SVR)-GA PV,4
820,820.0,-34.27148063121763,6,SBO(SVR)-GA PV,4
821,821.0,-34.27148063121763,7,SBO(SVR)-GA PV,4
822,822.0,-34.27148063121763,8,SBO(SVR)-GA PV,4
823,823.0,-34.27148063121763,9,SBO(SVR)-GA PV,4
824,824.0,-34.27148063121763,10,SBO(SVR)-GA PV,4
825,825.0,-38.15262087155331,0,SBO(SVR)-GA PV,5
826,826.0,-38.15262087155331,1,SBO(SVR)-GA PV,5
827,827.0,-38.15262087155331,2,SBO(SVR)-GA PV,5
828,828.0,-38.15262087155331,3,SBO(SVR)-GA PV,5
829,829.0,-38.15262087155331,4,SBO(SVR)-GA PV,5
830,830.0,-38.15262087155331,5,SBO(SVR)-GA PV,5
831,831.0,-38.15262087155331,6,SBO(SVR)-GA PV,5
832,832.0,-38.15262087155331,7,SBO(SVR)-GA PV,5
833,833.0,-38.15262087155331,8,SBO(SVR)-GA PV,5
834,834.0,-38.15262087155331,9,SBO(SVR)-GA PV,5
835,835.0,-38.15262087155331,10,SBO(SVR)-GA PV,5
836,836.0,-59.75045812600207,0,SBO(SVR)-GA PV,6
837,837.0,-59.75045812600207,1,SBO(SVR)-GA PV,6
838,838.0,-59.75045812600207,2,SBO(SVR)-GA PV,6
839,839.0,-59.75045812600207,3,SBO(SVR)-GA PV,6
840,840.0,-59.75045812600207,4,SBO(SVR)-GA PV,6
841,841.0,-59.75045812600207,5,SBO(SVR)-GA PV,6
842,842.0,-59.75045812600207,6,SBO(SVR)-GA PV,6
843,843.0,-59.75045812600207,7,SBO(SVR)-GA PV,6
844,844.0,-59.75045812600207,8,SBO(SVR)-GA PV,6
845,845.0,-59.75045812600207,9,SBO(SVR)-GA PV,6
846,846.0,-59.75045812600207,10,SBO(SVR)-GA PV,6
847,847.0,-55.79026134562984,0,SBO(SVR)-GA PV,7
848,848.0,-55.79026134562984,1,SBO(SVR)-GA PV,7
849,849.0,-55.79026134562984,2,SBO(SVR)-GA PV,7
850,850.0,-55.79026134562984,3,SBO(SVR)-GA PV,7
851,851.0,-55.79026134562984,4,SBO(SVR)-GA PV,7
852,852.0,-55.79026134562984,5,SBO(SVR)-GA PV,7
853,853.0,-55.79026134562984,6,SBO(SVR)-GA PV,7
854,854.0,-55.79026134562984,7,SBO(SVR)-GA PV,7
855,855.0,-55.79026134562984,8,SBO(SVR)-GA PV,7
856,856.0,-55.79026134562984,9,SBO(SVR)-GA PV,7
857,857.0,-55.79026134562984,10,SBO(SVR)-GA PV,7
858,858.0,-21.87503121600363,0,SBO(SVR)-GA PV,8
859,859.0,-21.87503121600363,1,SBO(SVR)-GA PV,8
860,860.0,-21.87503121600363,2,SBO(SVR)-GA PV,8
861,861.0,-21.87503121600363,3,SBO(SVR)-GA PV,8
862,862.0,-21.87503121600363,4,SBO(SVR)-GA PV,8
863,863.0,-21.87503121600363,5,SBO(SVR)-GA PV,8
864,864.0,-21.87503121600363,6,SBO(SVR)-GA PV,8
865,865.0,-21.87503121600363,7,SBO(SVR)-GA PV,8
866,866.0,-21.87503121600363,8,SBO(SVR)-GA PV,8
867,867.0,-21.87503121600363,9,SBO(SVR)-GA PV,8
868,868.0,-21.87503121600363,10,SBO(SVR)-GA PV,8
869,869.0,-40.9539533185668,0,SBO(SVR)-GA PV,9
870,870.0,-40.9539533185668,1,SBO(SVR)-GA PV,9
871,871.0,-40.9539533185668,2,SBO(SVR)-GA PV,9
872,872.0,-40.9539533185668,3,SBO(SVR)-GA PV,9
873,873.0,-40.9539533185668,4,SBO(SVR)-GA PV,9
874,874.0,-40.9539533185668,5,SBO(SVR)-GA PV,9
875,875.0,-40.9539533185668,6,SBO(SVR)-GA PV,9
876,876.0,-40.9539533185668,7,SBO(SVR)-GA PV,9
877,877.0,-40.9539533185668,8,SBO(SVR)-GA PV,9
878,878.0,-40.9539533185668,9,SBO(SVR)-GA PV,9
879,879.0,-40.9539533185668,10,SBO(SVR)-GA PV,9
0,,-75.99333105004314,0,SBO(KRG)-truncGA-PV,0
1,,-75.99333105004314,1,SBO(KRG)-truncGA-PV,0
2,,-75.99333105004314,2,SBO(KRG)-truncGA-PV,0
3,,-75.99333105004314,3,SBO(KRG)-truncGA-PV,0
4,,-75.99333105004314,4,SBO(KRG)-truncGA-PV,0
5,,-75.99333105004314,5,SBO(KRG)-truncGA-PV,0
6,,-75.99333105004314,6,SBO(KRG)-truncGA-PV,0
7,,-75.99333105004314,7,SBO(KRG)-truncGA-PV,0
8,,-75.99333105004314,8,SBO(KRG)-truncGA-PV,0
9,,-75.99333105004314,9,SBO(KRG)-truncGA-PV,0
10,,-75.99333105004314,10,SBO(KRG)-truncGA-PV,0
11,,-29.43109048139285,0,SBO(KRG)-truncGA-PV,1
12,,-29.43109048139285,1,SBO(KRG)-truncGA-PV,1
13,,-29.43109048139285,2,SBO(KRG)-truncGA-PV,1
14,,-29.43109048139285,3,SBO(KRG)-truncGA-PV,1
15,,-29.43109048139285,4,SBO(KRG)-truncGA-PV,1
16,,-29.43109048139285,5,SBO(KRG)-truncGA-PV,1
17,,-29.43109048139285,6,SBO(KRG)-truncGA-PV,1
18,,-29.43109048139285,7,SBO(KRG)-truncGA-PV,1
19,,-29.43109048139285,8,SBO(KRG)-truncGA-PV,1
20,,-29.43109048139285,9,SBO(KRG)-truncGA-PV,1
21,,-29.43109048139285,10,SBO(KRG)-truncGA-PV,1
22,,-44.661342822508615,0,SBO(KRG)-truncGA-PV,2
23,,-44.661342822508615,1,SBO(KRG)-truncGA-PV,2
24,,-44.661342822508615,2,SBO(KRG)-truncGA-PV,2
25,,-44.661342822508615,3,SBO(KRG)-truncGA-PV,2
26,,-44.661342822508615,4,SBO(KRG)-truncGA-PV,2
27,,-44.661342822508615,5,SBO(KRG)-truncGA-PV,2
28,,-44.661342822508615,6,SBO(KRG)-truncGA-PV,2
29,,-44.661342822508615,7,SBO(KRG)-truncGA-PV,2
30,,-44.661342822508615,8,SBO(KRG)-truncGA-PV,2
31,,-44.661342822508615,9,SBO(KRG)-truncGA-PV,2
32,,-44.661342822508615,10,SBO(KRG)-truncGA-PV,2
33,,-37.45753001428939,0,SBO(KRG)-truncGA-PV,3
34,,-37.45753001428939,1,SBO(KRG)-truncGA-PV,3
35,,-37.45753001428939,2,SBO(KRG)-truncGA-PV,3
36,,-37.45753001428939,3,SBO(KRG)-truncGA-PV,3
37,,-37.45753001428939,4,SBO(KRG)-truncGA-PV,3
38,,-37.45753001428939,5,SBO(KRG)-truncGA-PV,3
39,,-37.45753001428939,6,SBO(KRG)-truncGA-PV,3
40,,-37.45753001428939,7,SBO(KRG)-truncGA-PV,3
41,,-37.45753001428939,8,SBO(KRG)-truncGA-PV,3
42,,-37.45753001428939,9,SBO(KRG)-truncGA-PV,3
43,,-37.45753001428939,10,SBO(KRG)-truncGA-PV,3
44,,-29.460280997604528,0,SBO(KRG)-truncGA-PV,4
45,,-29.460280997604528,1,SBO(KRG)-truncGA-PV,4
46,,-29.460280997604528,2,SBO(KRG)-truncGA-PV,4
47,,-29.460280997604528,3,SBO(KRG)-truncGA-PV,4
48,,-29.460280997604528,4,SBO(KRG)-truncGA-PV,4
49,,-29.460280997604528,5,SBO(KRG)-truncGA-PV,4
50,,-29.460280997604528,6,SBO(KRG)-truncGA-PV,4
51,,-29.460280997604528,7,SBO(KRG)-truncGA-PV,4
52,,-29.460280997604528,8,SBO(KRG)-truncGA-PV,4
53,,-29.460280997604528,9,SBO(KRG)-truncGA-PV,4
54,,-29.460280997604528,10,SBO(KRG)-truncGA-PV,4
55,,-58.02782701626427,0,SBO(KRG)-truncGA-PV,5
56,,-58.02782701626427,1,SBO(KRG)-truncGA-PV,5
57,,-58.02782701626427,2,SBO(KRG)-truncGA-PV,5
58,,-58.02782701626427,3,SBO(KRG)-truncGA-PV,5
59,,-58.02782701626427,4,SBO(KRG)-truncGA-PV,5
60,,-58.02782701626427,5,SBO(KRG)-truncGA-PV,5
61,,-58.02782701626427,6,SBO(KRG)-truncGA-PV,5
62,,-58.02782701626427,7,SBO(KRG)-truncGA-PV,5
63,,-58.02782701626427,8,SBO(KRG)-truncGA-PV,5
64,,-58.02782701626427,9,SBO(KRG)-truncGA-PV,5
65,,-58.02782701626427,10,SBO(KRG)-truncGA-PV,5
66,,-33.01358271796778,0,SBO(KRG)-truncGA-PV,6
67,,-33.01358271796778,1,SBO(KRG)-truncGA-PV,6
68,,-33.01358271796778,2,SBO(KRG)-truncGA-PV,6
69,,-33.01358271796778,3,SBO(KRG)-truncGA-PV,6
70,,-33.01358271796778,4,SBO(KRG)-truncGA-PV,6
71,,-33.01358271796778,5,SBO(KRG)-truncGA-PV,6
72,,-33.01358271796778,6,SBO(KRG)-truncGA-PV,6
73,,-33.01358271796778,7,SBO(KRG)-truncGA-PV,6
74,,-33.01358271796778,8,SBO(KRG)-truncGA-PV,6
75,,-33.01358271796778,9,SBO(KRG)-truncGA-PV,6
76,,-33.01358271796778,10,SBO(KRG)-truncGA-PV,6
77,,-38.937453607711866,0,SBO(KRG)-truncGA-PV,7
78,,-38.937453607711866,1,SBO(KRG)-truncGA-PV,7
79,,-38.937453607711866,2,SBO(KRG)-truncGA-PV,7
80,,-38.937453607711866,3,SBO(KRG)-truncGA-PV,7
81,,-38.937453607711866,4,SBO(KRG)-truncGA-PV,7
82,,-38.937453607711866,5,SBO(KRG)-truncGA-PV,7
83,,-38.937453607711866,6,SBO(KRG)-truncGA-PV,7
84,,-38.937453607711866,7,SBO(KRG)-truncGA-PV,7
85,,-38.937453607711866,8,SBO(KRG)-truncGA-PV,7
86,,-38.937453607711866,9,SBO(KRG)-truncGA-PV,7
87,,-38.937453607711866,10,SBO(KRG)-truncGA-PV,7
88,,-43.58077564451402,0,SBO(KRG)-truncGA-PV,8
89,,-43.58077564451402,1,SBO(KRG)-truncGA-PV,8
90,,-43.58077564451402,2,SBO(KRG)-truncGA-PV,8
91,,-43.58077564451402,3,SBO(KRG)-truncGA-PV,8
92,,-43.58077564451402,4,SBO(KRG)-truncGA-PV,8
93,,-43.58077564451402,5,SBO(KRG)-truncGA-PV,8
94,,-43.58077564451402,6,SBO(KRG)-truncGA-PV,8
95,,-43.58077564451402,7,SBO(KRG)-truncGA-PV,8
96,,-43.58077564451402,8,SBO(KRG)-truncGA-PV,8
97,,-43.58077564451402,9,SBO(KRG)-truncGA-PV,8
98,,-43.58077564451402,10,SBO(KRG)-truncGA-PV,8
99,,-35.40003897968374,0,SBO(KRG)-truncGA-PV,9
100,,-35.40003897968374,1,SBO(KRG)-truncGA-PV,9
101,,-35.40003897968374,2,SBO(KRG)-truncGA-PV,9
102,,-35.40003897968374,3,SBO(KRG)-truncGA-PV,9
103,,-35.40003897968374,4,SBO(KRG)-truncGA-PV,9
104,,-35.40003897968374,5,SBO(KRG)-truncGA-PV,9
105,,-35.40003897968374,6,SBO(KRG)-truncGA-PV,9
106,,-35.40003897968374,7,SBO(KRG)-truncGA-PV,9
107,,-35.40003897968374,8,SBO(KRG)-truncGA-PV,9
108,,-35.40003897968374,9,SBO(KRG)-truncGA-PV,9
109,,-35.40003897968374,10,SBO(KRG)-truncGA-PV,9
0,0.0,-59.58400974029756,0,SBO(KRG)-truncDE-PV,0
1,1.0,-59.58400974029756,1,SBO(KRG)-truncDE-PV,0
2,2.0,-59.58400974029756,2,SBO(KRG)-truncDE-PV,0
3,3.0,-59.58400974029756,3,SBO(KRG)-truncDE-PV,0
4,4.0,-59.58400974029756,4,SBO(KRG)-truncDE-PV,0
5,5.0,-59.58400974029756,5,SBO(KRG)-truncDE-PV,0
6,6.0,-59.58400974029756,6,SBO(KRG)-truncDE-PV,0
7,7.0,-59.58400974029756,7,SBO(KRG)-truncDE-PV,0
8,8.0,-59.58400974029756,8,SBO(KRG)-truncDE-PV,0
9,9.0,-59.58400974029756,9,SBO(KRG)-truncDE-PV,0
10,10.0,-59.58400974029756,10,SBO(KRG)-truncDE-PV,0
11,11.0,-19.92950648445814,0,SBO(KRG)-truncDE-PV,1
12,12.0,-19.92950648445814,1,SBO(KRG)-truncDE-PV,1
13,13.0,-19.92950648445814,2,SBO(KRG)-truncDE-PV,1
14,14.0,-19.92950648445814,3,SBO(KRG)-truncDE-PV,1
15,15.0,-19.92950648445814,4,SBO(KRG)-truncDE-PV,1
16,16.0,-19.92950648445814,5,SBO(KRG)-truncDE-PV,1
17,17.0,-19.92950648445814,6,SBO(KRG)-truncDE-PV,1
18,18.0,-19.92950648445814,7,SBO(KRG)-truncDE-PV,1
19,19.0,-19.92950648445814,8,SBO(KRG)-truncDE-PV,1
20,20.0,-19.92950648445814,9,SBO(KRG)-truncDE-PV,1
21,21.0,-19.92950648445814,10,SBO(KRG)-truncDE-PV,1
22,22.0,-45.90140020064838,0,SBO(KRG)-truncDE-PV,2
23,23.0,-45.90140020064838,1,SBO(KRG)-truncDE-PV,2
24,24.0,-45.90140020064838,2,SBO(KRG)-truncDE-PV,2
25,25.0,-45.90140020064838,3,SBO(KRG)-truncDE-PV,2
26,26.0,-45.90140020064838,4,SBO(KRG)-truncDE-PV,2
27,27.0,-45.90140020064838,5,SBO(KRG)-truncDE-PV,2
28,28.0,-45.90140020064838,6,SBO(KRG)-truncDE-PV,2
29,29.0,-45.90140020064838,7,SBO(KRG)-truncDE-PV,2
30,30.0,-45.90140020064838,8,SBO(KRG)-truncDE-PV,2
31,31.0,-45.90140020064838,9,SBO(KRG)-truncDE-PV,2
32,32.0,-45.90140020064838,10,SBO(KRG)-truncDE-PV,2
33,33.0,-50.76666099764153,0,SBO(KRG)-truncDE-PV,3
34,34.0,-50.76666099764153,1,SBO(KRG)-truncDE-PV,3
35,35.0,-50.76666099764153,2,SBO(KRG)-truncDE-PV,3
36,36.0,-50.76666099764153,3,SBO(KRG)-truncDE-PV,3
37,37.0,-50.76666099764153,4,SBO(KRG)-truncDE-PV,3
38,38.0,-50.76666099764153,5,SBO(KRG)-truncDE-PV,3
39,39.0,-50.76666099764153,6,SBO(KRG)-truncDE-PV,3
40,40.0,-50.76666099764153,7,SBO(KRG)-truncDE-PV,3
41,41.0,-50.76666099764153,8,SBO(KRG)-truncDE-PV,3
42,42.0,-50.76666099764153,9,SBO(KRG)-truncDE-PV,3
43,43.0,-50.76666099764153,10,SBO(KRG)-truncDE-PV,3
44,44.0,-24.17292304602824,0,SBO(KRG)-truncDE-PV,4
45,45.0,-24.17292304602824,1,SBO(KRG)-truncDE-PV,4
46,46.0,-24.17292304602824,2,SBO(KRG)-truncDE-PV,4
47,47.0,-24.17292304602824,3,SBO(KRG)-truncDE-PV,4
48,48.0,-24.17292304602824,4,SBO(KRG)-truncDE-PV,4
49,49.0,-24.17292304602824,5,SBO(KRG)-truncDE-PV,4
50,50.0,-24.17292304602824,6,SBO(KRG)-truncDE-PV,4
51,51.0,-24.17292304602824,7,SBO(KRG)-truncDE-PV,4
52,52.0,-24.17292304602824,8,SBO(KRG)-truncDE-PV,4
53,53.0,-24.17292304602824,9,SBO(KRG)-truncDE-PV,4
54,54.0,-24.17292304602824,10,SBO(KRG)-truncDE-PV,4
55,55.0,-11.497109121303945,0,SBO(KRG)-truncDE-PV,5
56,56.0,-11.497109121303945,1,SBO(KRG)-truncDE-PV,5
57,57.0,-11.497109121303945,2,SBO(KRG)-truncDE-PV,5
58,58.0,-11.497109121303945,3,SBO(KRG)-truncDE-PV,5
59,59.0,-11.497109121303945,4,SBO(KRG)-truncDE-PV,5
60,60.0,-11.497109121303945,5,SBO(KRG)-truncDE-PV,5
61,61.0,-11.497109121303945,6,SBO(KRG)-truncDE-PV,5
62,62.0,-11.497109121303945,7,SBO(KRG)-truncDE-PV,5
63,63.0,-11.497109121303945,8,SBO(KRG)-truncDE-PV,5
64,64.0,-11.497109121303945,9,SBO(KRG)-truncDE-PV,5
65,65.0,-11.497109121303945,10,SBO(KRG)-truncDE-PV,5
66,66.0,-23.653863484075316,0,SBO(KRG)-truncDE-PV,6
67,67.0,-23.653863484075316,1,SBO(KRG)-truncDE-PV,6
68,68.0,-23.653863484075316,2,SBO(KRG)-truncDE-PV,6
69,69.0,-23.653863484075316,3,SBO(KRG)-truncDE-PV,6
70,70.0,-23.653863484075316,4,SBO(KRG)-truncDE-PV,6
71,71.0,-23.653863484075316,5,SBO(KRG)-truncDE-PV,6
72,72.0,-23.653863484075316,6,SBO(KRG)-truncDE-PV,6
73,73.0,-23.653863484075316,7,SBO(KRG)-truncDE-PV,6
74,74.0,-23.653863484075316,8,SBO(KRG)-truncDE-PV,6
75,75.0,-23.653863484075316,9,SBO(KRG)-truncDE-PV,6
76,76.0,-23.653863484075316,10,SBO(KRG)-truncDE-PV,6
77,77.0,-60.38830418408752,0,SBO(KRG)-truncDE-PV,7
78,78.0,-60.38830418408752,1,SBO(KRG)-truncDE-PV,7
79,79.0,-60.38830418408752,2,SBO(KRG)-truncDE-PV,7
80,80.0,-60.38830418408752,3,SBO(KRG)-truncDE-PV,7
81,81.0,-60.38830418408752,4,SBO(KRG)-truncDE-PV,7
82,82.0,-60.38830418408752,5,SBO(KRG)-truncDE-PV,7
83,83.0,-60.38830418408752,6,SBO(KRG)-truncDE-PV,7
84,84.0,-60.38830418408752,7,SBO(KRG)-truncDE-PV,7
85,85.0,-60.38830418408752,8,SBO(KRG)-truncDE-PV,7
86,86.0,-60.38830418408752,9,SBO(KRG)-truncDE-PV,7
87,87.0,-60.38830418408752,10,SBO(KRG)-truncDE-PV,7
88,88.0,-27.2903130898658,0,SBO(KRG)-truncDE-PV,8
89,89.0,-27.2903130898658,1,SBO(KRG)-truncDE-PV,8
90,90.0,-27.2903130898658,2,SBO(KRG)-truncDE-PV,8
91,91.0,-27.2903130898658,3,SBO(KRG)-truncDE-PV,8
92,92.0,-27.2903130898658,4,SBO(KRG)-truncDE-PV,8
93,93.0,-27.2903130898658,5,SBO(KRG)-truncDE-PV,8
94,94.0,-27.2903130898658,6,SBO(KRG)-truncDE-PV,8
95,95.0,-27.2903130898658,7,SBO(KRG)-truncDE-PV,8
96,96.0,-27.2903130898658,8,SBO(KRG)-truncDE-PV,8
97,97.0,-27.2903130898658,9,SBO(KRG)-truncDE-PV,8
98,98.0,-27.2903130898658,10,SBO(KRG)-truncDE-PV,8
99,99.0,-32.09632038361241,0,SBO(KRG)-truncDE-PV,9
100,100.0,-32.09632038361241,1,SBO(KRG)-truncDE-PV,9
101,101.0,-32.09632038361241,2,SBO(KRG)-truncDE-PV,9
102,102.0,-32.09632038361241,3,SBO(KRG)-truncDE-PV,9
103,103.0,-32.09632038361241,4,SBO(KRG)-truncDE-PV,9
104,104.0,-32.09632038361241,5,SBO(KRG)-truncDE-PV,9
105,105.0,-32.09632038361241,6,SBO(KRG)-truncDE-PV,9
106,106.0,-32.09632038361241,7,SBO(KRG)-truncDE-PV,9
107,107.0,-32.09632038361241,8,SBO(KRG)-truncDE-PV,9
108,108.0,-32.09632038361241,9,SBO(KRG)-truncDE-PV,9
109,109.0,-32.09632038361241,10,SBO(KRG)-truncDE-PV,9
110,110.0,-59.58400974029756,0,SBO(KRG)-L-BFGS-B-PV,0
111,111.0,-59.58400974029756,1,SBO(KRG)-L-BFGS-B-PV,0
112,112.0,-59.58400974029756,2,SBO(KRG)-L-BFGS-B-PV,0
113,113.0,-59.58400974029756,3,SBO(KRG)-L-BFGS-B-PV,0
114,114.0,-59.58400974029756,4,SBO(KRG)-L-BFGS-B-PV,0
115,115.0,-59.58400974029756,5,SBO(KRG)-L-BFGS-B-PV,0
116,116.0,-59.58400974029756,6,SBO(KRG)-L-BFGS-B-PV,0
117,117.0,-59.58400974029756,7,SBO(KRG)-L-BFGS-B-PV,0
118,118.0,-59.58400974029756,8,SBO(KRG)-L-BFGS-B-PV,0
119,119.0,-59.58400974029756,9,SBO(KRG)-L-BFGS-B-PV,0
120,120.0,-59.58400974029756,10,SBO(KRG)-L-BFGS-B-PV,0
121,121.0,-19.92950648445814,0,SBO(KRG)-L-BFGS-B-PV,1
122,122.0,-19.92950648445814,1,SBO(KRG)-L-BFGS-B-PV,1
123,123.0,-19.92950648445814,2,SBO(KRG)-L-BFGS-B-PV,1
124,124.0,-19.92950648445814,3,SBO(KRG)-L-BFGS-B-PV,1
125,125.0,-19.92950648445814,4,SBO(KRG)-L-BFGS-B-PV,1
126,126.0,-19.92950648445814,5,SBO(KRG)-L-BFGS-B-PV,1
127,127.0,-19.92950648445814,6,SBO(KRG)-L-BFGS-B-PV,1
128,128.0,-19.92950648445814,7,SBO(KRG)-L-BFGS-B-PV,1
129,129.0,-19.92950648445814,8,SBO(KRG)-L-BFGS-B-PV,1
130,130.0,-19.92950648445814,9,SBO(KRG)-L-BFGS-B-PV,1
131,131.0,-19.92950648445814,10,SBO(KRG)-L-BFGS-B-PV,1
132,132.0,-45.90140020064838,0,SBO(KRG)-L-BFGS-B-PV,2
133,133.0,-45.90140020064838,1,SBO(KRG)-L-BFGS-B-PV,2
134,134.0,-45.90140020064838,2,SBO(KRG)-L-BFGS-B-PV,2
135,135.0,-45.90140020064838,3,SBO(KRG)-L-BFGS-B-PV,2
136,136.0,-45.90140020064838,4,SBO(KRG)-L-BFGS-B-PV,2
137,137.0,-45.90140020064838,5,SBO(KRG)-L-BFGS-B-PV,2
138,138.0,-45.90140020064838,6,SBO(KRG)-L-BFGS-B-PV,2
139,139.0,-45.90140020064838,7,SBO(KRG)-L-BFGS-B-PV,2
140,140.0,-45.90140020064838,8,SBO(KRG)-L-BFGS-B-PV,2
141,141.0,-45.90140020064838,9,SBO(KRG)-L-BFGS-B-PV,2
142,142.0,-45.90140020064838,10,SBO(KRG)-L-BFGS-B-PV,2
143,143.0,-50.76666099764153,0,SBO(KRG)-L-BFGS-B-PV,3
144,144.0,-50.76666099764153,1,SBO(KRG)-L-BFGS-B-PV,3
145,145.0,-50.76666099764153,2,SBO(KRG)-L-BFGS-B-PV,3
146,146.0,-50.76666099764153,3,SBO(KRG)-L-BFGS-B-PV,3
147,147.0,-50.76666099764153,4,SBO(KRG)-L-BFGS-B-PV,3
148,148.0,-50.76666099764153,5,SBO(KRG)-L-BFGS-B-PV,3
149,149.0,-50.76666099764153,6,SBO(KRG)-L-BFGS-B-PV,3
150,150.0,-50.76666099764153,7,SBO(KRG)-L-BFGS-B-PV,3
151,151.0,-50.76666099764153,8,SBO(KRG)-L-BFGS-B-PV,3
152,152.0,-50.76666099764153,9,SBO(KRG)-L-BFGS-B-PV,3
153,153.0,-50.76666099764153,10,SBO(KRG)-L-BFGS-B-PV,3
154,154.0,-24.17292304602824,0,SBO(KRG)-L-BFGS-B-PV,4
155,155.0,-24.17292304602824,1,SBO(KRG)-L-BFGS-B-PV,4
156,156.0,-24.17292304602824,2,SBO(KRG)-L-BFGS-B-PV,4
157,157.0,-24.17292304602824,3,SBO(KRG)-L-BFGS-B-PV,4
158,158.0,-24.17292304602824,4,SBO(KRG)-L-BFGS-B-PV,4
159,159.0,-24.17292304602824,5,SBO(KRG)-L-BFGS-B-PV,4
160,160.0,-24.17292304602824,6,SBO(KRG)-L-BFGS-B-PV,4
161,161.0,-24.17292304602824,7,SBO(KRG)-L-BFGS-B-PV,4
162,162.0,-24.17292304602824,8,SBO(KRG)-L-BFGS-B-PV,4
163,163.0,-24.17292304602824,9,SBO(KRG)-L-BFGS-B-PV,4
164,164.0,-24.17292304602824,10,SBO(KRG)-L-BFGS-B-PV,4
165,165.0,-11.497109121303945,0,SBO(KRG)-L-BFGS-B-PV,5
166,166.0,-11.497109121303945,1,SBO(KRG)-L-BFGS-B-PV,5
167,167.0,-11.497109121303945,2,SBO(KRG)-L-BFGS-B-PV,5
168,168.0,-11.497109121303945,3,SBO(KRG)-L-BFGS-B-PV,5
169,169.0,-11.497109121303945,4,SBO(KRG)-L-BFGS-B-PV,5
170,170.0,-11.497109121303945,5,SBO(KRG)-L-BFGS-B-PV,5
171,171.0,-11.497109121303945,6,SBO(KRG)-L-BFGS-B-PV,5
172,172.0,-11.497109121303945,7,SBO(KRG)-L-BFGS-B-PV,5
173,173.0,-11.497109121303945,8,SBO(KRG)-L-BFGS-B-PV,5
174,174.0,-11.497109121303945,9,SBO(KRG)-L-BFGS-B-PV,5
175,175.0,-11.497109121303945,10,SBO(KRG)-L-BFGS-B-PV,5
176,176.0,-23.653863484075316,0,SBO(KRG)-L-BFGS-B-PV,6
177,177.0,-23.653863484075316,1,SBO(KRG)-L-BFGS-B-PV,6
178,178.0,-23.653863484075316,2,SBO(KRG)-L-BFGS-B-PV,6
179,179.0,-23.653863484075316,3,SBO(KRG)-L-BFGS-B-PV,6
180,180.0,-23.653863484075316,4,SBO(KRG)-L-BFGS-B-PV,6
181,181.0,-23.653863484075316,5,SBO(KRG)-L-BFGS-B-PV,6
182,182.0,-23.653863484075316,6,SBO(KRG)-L-BFGS-B-PV,6
183,183.0,-23.653863484075316,7,SBO(KRG)-L-BFGS-B-PV,6
184,184.0,-23.653863484075316,8,SBO(KRG)-L-BFGS-B-PV,6
185,185.0,-23.653863484075316,9,SBO(KRG)-L-BFGS-B-PV,6
186,186.0,-23.653863484075316,10,SBO(KRG)-L-BFGS-B-PV,6
187,187.0,-60.38830418408752,0,SBO(KRG)-L-BFGS-B-PV,7
188,188.0,-60.38830418408752,1,SBO(KRG)-L-BFGS-B-PV,7
189,189.0,-60.38830418408752,2,SBO(KRG)-L-BFGS-B-PV,7
190,190.0,-60.38830418408752,3,SBO(KRG)-L-BFGS-B-PV,7
191,191.0,-60.38830418408752,4,SBO(KRG)-L-BFGS-B-PV,7
192,192.0,-60.38830418408752,5,SBO(KRG)-L-BFGS-B-PV,7
193,193.0,-60.38830418408752,6,SBO(KRG)-L-BFGS-B-PV,7
194,194.0,-60.38830418408752,7,SBO(KRG)-L-BFGS-B-PV,7
195,195.0,-60.38830418408752,8,SBO(KRG)-L-BFGS-B-PV,7
196,196.0,-60.38830418408752,9,SBO(KRG)-L-BFGS-B-PV,7
197,197.0,-60.38830418408752,10,SBO(KRG)-L-BFGS-B-PV,7
198,198.0,-27.2903130898658,0,SBO(KRG)-L-BFGS-B-PV,8
199,199.0,-27.2903130898658,1,SBO(KRG)-L-BFGS-B-PV,8
200,200.0,-27.2903130898658,2,SBO(KRG)-L-BFGS-B-PV,8
201,201.0,-27.2903130898658,3,SBO(KRG)-L-BFGS-B-PV,8
202,202.0,-27.2903130898658,4,SBO(KRG)-L-BFGS-B-PV,8
203,203.0,-27.2903130898658,5,SBO(KRG)-L-BFGS-B-PV,8
204,204.0,-27.2903130898658,6,SBO(KRG)-L-BFGS-B-PV,8
205,205.0,-27.2903130898658,7,SBO(KRG)-L-BFGS-B-PV,8
206,206.0,-27.2903130898658,8,SBO(KRG)-L-BFGS-B-PV,8
207,207.0,-27.2903130898658,9,SBO(KRG)-L-BFGS-B-PV,8
208,208.0,-27.2903130898658,10,SBO(KRG)-L-BFGS-B-PV,8
209,209.0,-32.09632038361241,0,SBO(KRG)-L-BFGS-B-PV,9
210,210.0,-32.09632038361241,1,SBO(KRG)-L-BFGS-B-PV,9
211,211.0,-32.09632038361241,2,SBO(KRG)-L-BFGS-B-PV,9
212,212.0,-32.09632038361241,3,SBO(KRG)-L-BFGS-B-PV,9
213,213.0,-32.09632038361241,4,SBO(KRG)-L-BFGS-B-PV,9
214,214.0,-32.09632038361241,5,SBO(KRG)-L-BFGS-B-PV,9
215,215.0,-32.09632038361241,6,SBO(KRG)-L-BFGS-B-PV,9
216,216.0,-32.09632038361241,7,SBO(KRG)-L-BFGS-B-PV,9
217,217.0,-32.09632038361241,8,SBO(KRG)-L-BFGS-B-PV,9
218,218.0,-32.09632038361241,9,SBO(KRG)-L-BFGS-B-PV,9
219,219.0,-32.09632038361241,10,SBO(KRG)-L-BFGS-B-PV,9
